{"cameraMode":{"drawMode":0,"name":"Shaded","section":"Shading Mode"},"sceneLighting":false,"audioPlay":false,"sceneViewState":{"showFog":true,"showMaterialUpdate":true,"showSkybox":true,"showFlares":true,"showImageEffects":true,"showParticleSystems":true},"in2DMode":false,"pivot":{"x":7.010000228881836,"y":1.3400001525878907,"z":-1.5099999904632569},"rotation":{"x":0.265646755695343,"y":0.527463436126709,"z":-0.1780201941728592,"w":0.7870978116989136},"size":4.043518543243408,"orthographic":true}