{"cameraMode":{"drawMode":0,"name":"Shaded","section":"Shading Mode"},"sceneLighting":true,"audioPlay":false,"sceneViewState":{"showFog":true,"showMaterialUpdate":true,"showSkybox":true,"showFlares":true,"showImageEffects":true,"showParticleSystems":true},"in2DMode":false,"pivot":{"x":-9.605579376220704,"y":9.663407325744629,"z":-3.110218048095703},"rotation":{"x":0.0033535792026668789,"y":0.6667870879173279,"z":-0.0030005627777427437,"w":0.7452347874641419},"size":36.46306610107422,"orthographic":false}